group, stage          , team1                 , team2                 , venue                  , city           , country, date      , kickoff_et, team1_confederation, team1_fifa_rank, team1_coach        , team2_confederation, team2_fifa_rank, team2_coach        , team1_normalized      , team2_normalized      , team1_elo, team2_elo, team1_elo_rank, team2_elo_rank, team1_last5_wins, team2_last5_wins, team1_last5_draws, team2_last5_draws, team1_last5_losses, team2_last5_losses, team1_last5_goals_for, team2_last5_goals_for, team1_last5_goals_against, team2_last5_goals_against, team1_last5_goal_difference, team2_last5_goal_difference, elo_diff, elo_rank_diff, last5_goal_diff_difference, last5_win_difference
A    , Group Stage    , Mexico                , South Africa          , Estadio Azteca         , Mexico City    , Mexico , 2026-06-11, 20:00 ET  , CONCACAF           ,            15.0, Javier Aguirre     , CAF                ,            60.0, Hugo Broos         , Mexico                , South Africa          ,    1860.0,    1524.0,           20.0,           79.0,              5.0,              1.0,               0.0,               2.0,                0.0,                2.0,                  11.0,                   3.0,                       1.0,                       5.0, 10.0                       , -2.0                       , 336.0   , -59.0        , 12.0                      , 4.0
A    , Group Stage    , South Korea           , Czechia               , Estadio Akron          , Guadalajara    , Mexico , 2026-06-11, 22:00 ET  , AFC                ,            25.0, Hong Myung-bo      , UEFA               ,            41.0, Ivan Hasek         , South Korea           , Czechia               ,    1752.0,    1726.0,           33.0,           40.0,              3.0,              2.0,               0.0,               2.0,                2.0,                1.0,                   8.0,                  11.0,                       3.0,                       7.0, 5.0                        , 4.0                        , 26.0    , -7.0         , 1.0                       , 1.0
B    , Group Stage    , Canada                , Bosnia and Herzegovina, BMO Field              , Toronto        , Canada , 2026-06-12, 15:00 ET  , CONCACAF           ,            30.0, Jesse Marsch       , UEFA               ,            52.0, Sergej Barbarez    , Canada                , Bosnia and Herzegovina,    1784.0,    1594.0,           25.0,           66.0,              2.0,              0.0,               3.0,               4.0,                0.0,                1.0,                  10.0,                   4.0,                       2.0,                       7.0, 8.0                        , -3.0                       , 190.0   , -41.0        , 11.0                      , 2.0
D    , Group Stage    , USA                   , Paraguay              , SoFi Stadium           , Inglewood      , USA    , 2026-06-12, 21:00 ET  , CONCACAF           ,            16.0, Mauricio Pochettino, CONMEBOL           ,            64.0, Gustavo Alfaro     , United States         , Paraguay              ,    1721.0,    1833.0,           41.0,           22.0,              2.0,              3.0,               0.0,               0.0,                3.0,                2.0,                  10.0,                   9.0,                      12.0,                       7.0, -2.0                       , 2.0                        , -112.0  , 19.0         , -4.0                      , -1.0
B    , Group Stage    , Qatar                 , Switzerland           , Lumen Field            , Seattle        , USA    , 2026-06-13, 15:00 ET  , AFC                ,            35.0, Marquez Lopez      , UEFA               ,            19.0, Murat Yakin        , Qatar                 , Switzerland           ,    1425.0,    1889.0,           95.0,           16.0,              0.0,              2.0,               2.0,               3.0,                3.0,                0.0,                   1.0,                  10.0,                      11.0,                       4.0, -10.0                      , 6.0                        , -464.0  , 79.0         , -16.0                     , -2.0
D    , Group Stage    , Australia             , Türkiye               , MetLife Stadium        , East Rutherford, USA    , 2026-06-13, 12:00 ET  , AFC                ,            26.0, Tony Popovic       , UEFA               ,            42.0, Vincenzo Montella  , Australia             , Turkey                ,    1783.0,    1902.0,           26.0,           14.0,              3.0,              4.0,               1.0,               0.0,                1.0,                1.0,                   9.0,                   8.0,                       3.0,                       3.0, 6.0                        , 5.0                        , -119.0  , 12.0         , 1.0                       , -1.0
C    , Group Stage    , Brazil                , Morocco               , MetLife Stadium        , East Rutherford, USA    , 2026-06-13, 18:00 ET  , CONMEBOL           ,             6.0, Dorival Júnior     , CAF                ,             8.0, Walid Regragui     , Brazil                , Morocco               ,    1984.0,    1822.0,            5.0,           24.0,              3.0,              3.0,               1.0,               2.0,                1.0,                0.0,                  13.0,                  13.0,                       7.0,                       3.0, 6.0                        , 10.0                       , 162.0   , -19.0        , -4.0                      , 0.0
C    , Group Stage    , Haiti                 , Scotland              , Gillette Stadium       , Foxborough     , USA    , 2026-06-13, 21:00 ET  , CONCACAF           ,            83.0, Marc Collat        , UEFA               ,            47.0, Steve Clarke       , Haiti                 , Scotland              ,    1532.0,    1767.0,           77.0,           29.0,              1.0,              3.0,               1.0,               0.0,                3.0,                2.0,                   6.0,                   9.0,                       5.0,                       3.0, 1.0                        , 6.0                        , -235.0  , 48.0         , -5.0                      , -2.0
F    , Group Stage    , Sweden                , Tunisia               , Estadio BBVA           , Monterrey      , Mexico , 2026-06-14, 20:00 ET  , UEFA               ,            39.0, Jon Dahl Tomasson  , CAF                ,            40.0, Faouzi Benzarti    , Sweden                , Tunisia               ,    1719.0,    1636.0,           43.0,           58.0,              3.0,              1.0,               1.0,               1.0,                1.0,                3.0,                  14.0,                   2.0,                       9.0,                      11.0, 5.0                        , -9.0                       , 83.0    , -15.0        , 14.0                      , 2.0
F    , Group Stage    , Netherlands           , Japan                 , AT&T Stadium           , Arlington      , USA    , 2026-06-14, 16:00 ET  , UEFA               ,             7.0, Ronald Koeman      , AFC                ,            18.0, Hajime Moriyasu    , Netherlands           , Japan                 ,    1961.0,    1904.0,            8.0,           13.0,              2.0,              4.0,               2.0,               1.0,                1.0,                0.0,                   7.0,                   8.0,                       6.0,                       2.0, 1.0                        , 6.0                        , 57.0    , -5.0         , -5.0                      , -2.0
E    , Group Stage    , Ivory Coast           , Ecuador               , Lincoln Financial Field, Philadelphia   , USA    , 2026-06-14, 19:00 ET  , CAF                ,            33.0, Emerse Faé         , CONMEBOL           ,            24.0, Sebastián Beccacece, Ivory Coast           , Ecuador               ,    1676.0,    1933.0,           52.0,            9.0,              4.0,              2.0,               0.0,               2.0,                1.0,                1.0,                  10.0,                   7.0,                       4.0,                       4.0, 6.0                        , 3.0                        , -257.0  , 43.0         , 3.0                       , 2.0
E    , Group Stage    , Germany               , Curaçao               , NRG Stadium            , Houston        , USA    , 2026-06-14, 13:00 ET  , UEFA               ,            10.0, Julian Nagelsmann  , CONCACAF           ,            81.0, Dick Advocaat      , Germany               , Curaçao               ,    1923.0,    1436.0,           11.0,           90.0,              5.0,              1.0,               0.0,               0.0,                0.0,                4.0,                  19.0,                   7.0,                       6.0,                      18.0, 13.0                       , -11.0                      , 487.0   , -79.0        , 24.0                      , 4.0
G    , Group Stage    , Iran                  , New Zealand           , SoFi Stadium           , Inglewood      , USA    , 2026-06-15, 18:00 ET  , AFC                ,            21.0, Amir Ghalenoei     , OFC                ,            95.0, Darren Bazeley     , Iran                  , New Zealand           ,    1760.0,    1585.0,           31.0,           68.0,              3.0,              1.0,               1.0,               1.0,                1.0,                3.0,                  13.0,                   6.0,                       5.0,                      10.0, 8.0                        , -4.0                       , 175.0   , -37.0        , 12.0                      , 2.0
G    , Group Stage    , Belgium               , Egypt                 , Lumen Field            , Seattle        , USA    , 2026-06-15, 15:00 ET  , UEFA               ,             9.0, Domenico Tedesco   , CAF                ,            29.0, Hossam El-Badry    , Belgium               , Egypt                 ,    1867.0,    1689.0,           19.0,           51.0,              3.0,              2.0,               2.0,               2.0,                0.0,                1.0,                  14.0,                   7.0,                       4.0,                       3.0, 10.0                       , 4.0                        , 178.0   , -32.0        , 6.0                       , 1.0
H    , Group Stage    , Saudi Arabia          , Uruguay               , Hard Rock Stadium      , Miami          , USA    , 2026-06-15, 15:00 ET  , AFC                ,            57.0, Roberto Mancini    , CONMEBOL           ,            17.0, Marcelo Bielsa     , Saudi Arabia          , Uruguay               ,    1568.0,    1892.0,           71.0,           15.0,              1.0,              0.0,               2.0,               4.0,                2.0,                1.0,                   6.0,                   3.0,                       5.0,                       7.0, 1.0                        , -4.0                       , -324.0  , 56.0         , 5.0                       , 1.0
H    , Group Stage    , Spain                 , Cape Verde            , Mercedes-Benz Stadium  , Atlanta        , USA    , 2026-06-15, 12:00 ET  , UEFA               ,             2.0, Luis de la Fuente  , CAF                ,            70.0, Pedro Brito        , Spain                 , Cape Verde            ,    2165.0,    1549.0,            1.0,           72.0,              2.0,              1.0,               3.0,               2.0,                0.0,                2.0,                   7.0,                   6.0,                       2.0,                       8.0, 5.0                        , -2.0                       , 616.0   , -71.0        , 7.0                       , 1.0
I    , Group Stage    , Iraq                  , Norway                , Gillette Stadium       , Foxborough     , USA    , 2026-06-16, 18:00 ET  , AFC                ,            61.0, Graham Arnold      , UEFA               ,            44.0, Ståle Solbakken    , Iraq                  , Norway                ,    1607.0,    1912.0,           63.0,           12.0,              2.0,              2.0,               1.0,               2.0,                2.0,                1.0,                   5.0,                   9.0,                       8.0,                       5.0, -3.0                       , 4.0                        , -305.0  , 51.0         , -7.0                      , 0.0
J    , Group Stage    , Argentina             , Algeria               , Arrowhead Stadium      , Kansas City    , USA    , 2026-06-16, 21:00 ET  , CONMEBOL           ,             3.0, Lionel Scaloni     , CAF                ,            36.0, Vladimir Petkovic  , Argentina             , Algeria               ,    2113.0,    1743.0,            2.0,           35.0,              5.0,              3.0,               0.0,               1.0,                0.0,                1.0,                  15.0,                  12.0,                       1.0,                       3.0, 14.0                       , 9.0                        , 370.0   , -33.0        , 5.0                       , 2.0
I    , Group Stage    , France                , Senegal               , MetLife Stadium        , East Rutherford, USA    , 2026-06-16, 15:00 ET  , UEFA               ,             1.0, Didier Deschamps   , CAF                ,            14.0, Aliou Cissé        , France                , Senegal               ,    2081.0,    1878.0,            3.0,           17.0,              4.0,              2.0,               0.0,               1.0,                1.0,                2.0,                  12.0,                   8.0,                       6.0,                       7.0, 6.0                        , 1.0                        , 203.0   , -14.0        , 5.0                       , 2.0
J    , Group Stage    , Austria               , Jordan                , AT&T Stadium           , Arlington      , USA    , 2026-06-17, 00:00 ET  , UEFA               ,            23.0, Ralf Rangnick      , AFC                ,            68.0, Hussain Ammouta    , Austria               , Jordan                ,    1827.0,    1690.0,           23.0,           50.0,              4.0,              0.0,               1.0,               2.0,                0.0,                3.0,                  11.0,                   6.0,                       3.0,                      13.0, 8.0                        , -7.0                       , 137.0   , -27.0        , 15.0                      , 4.0
K    , Group Stage    , Portugal              , DR Congo              , NRG Stadium            , Houston        , USA    , 2026-06-17, 13:00 ET  , UEFA               ,             5.0, Roberto Martínez   , CAF                ,            51.0, Sébastien Desabre  , Portugal              , DR Congo              ,    1984.0,    1655.0,            5.0,           54.0,              3.0,              2.0,               2.0,               2.0,                0.0,                1.0,                   7.0,                   5.0,                       3.0,                       3.0, 4.0                        , 2.0                        , 329.0   , -49.0        , 2.0                       , 1.0
K    , Group Stage    , Uzbekistan            , Colombia              , Estadio Azteca         , Mexico City    , Mexico , 2026-06-17, 22:00 ET  , AFC                ,            62.0, Srecko Katanec     , CONMEBOL           ,            13.0, Néstor Lorenzo     , Uzbekistan            , Colombia              ,    1727.0,    1975.0,           38.0,            7.0,              1.0,              3.0,               1.0,               0.0,                3.0,                2.0,                   5.0,                  10.0,                       8.0,                       7.0, -3.0                       , 3.0                        , -248.0  , 31.0         , -6.0                      , -2.0
L    , Group Stage    , Ghana                 , Panama                , BMO Field              , Toronto        , Canada , 2026-06-17, 18:00 ET  , CAF                ,            65.0, Otto Addo          , CONCACAF           ,            53.0, Thomas Christiansen, Ghana                 , Panama                ,    1503.0,    1737.0,           82.0,           36.0,              1.0,              2.0,               1.0,               1.0,                3.0,                2.0,                   4.0,                   9.0,                      10.0,                      11.0, -6.0                       , -2.0                       , -234.0  , 46.0         , -4.0                      , -1.0
L    , Group Stage    , England               , Croatia               , AT&T Stadium           , Arlington      , USA    , 2026-06-17, 15:00 ET  , UEFA               ,             4.0, Thomas Tuchel      , UEFA               ,            11.0, Zlatko Dalić       , England               , Croatia               ,    2020.0,    1930.0,            4.0,           10.0,              3.0,              2.0,               1.0,               0.0,                1.0,                3.0,                   9.0,                   7.0,                       4.0,                      11.0, 5.0                        , -4.0                       , 90.0    , -6.0         , 9.0                       , 1.0
A    , Group Stage    , South Korea           , Mexico                , Estadio Akron          , Guadalajara    , Mexico , 2026-06-18, 21:00 ET  , AFC                ,            25.0, Hong Myung-bo      , CONCACAF           ,            15.0, Javier Aguirre     , South Korea           , Mexico                ,    1752.0,    1860.0,           33.0,           20.0,              3.0,              5.0,               0.0,               0.0,                2.0,                0.0,                   8.0,                  11.0,                       3.0,                       1.0, 5.0                        , 10.0                       , -108.0  , 13.0         , -5.0                      , -2.0
A    , Group Stage    , Czechia               , South Africa          , Estadio Akron          , Guadalajara    , Mexico , 2026-06-18, 18:00 ET  , UEFA               ,            41.0, Ivan Hasek         , CAF                ,            60.0, Hugo Broos         , Czechia               , South Africa          ,    1726.0,    1524.0,           40.0,           79.0,              2.0,              1.0,               2.0,               2.0,                1.0,                2.0,                  11.0,                   3.0,                       7.0,                       5.0, 4.0                        , -2.0                       , 202.0   , -39.0        , 6.0                       , 1.0
B    , Group Stage    , Switzerland           , Bosnia and Herzegovina, BC Place               , Vancouver      , Canada , 2026-06-18, 15:00 ET  , UEFA               ,            19.0, Murat Yakin        , UEFA               ,            52.0, Sergej Barbarez    , Switzerland           , Bosnia and Herzegovina,    1889.0,    1594.0,           16.0,           66.0,              2.0,              0.0,               3.0,               4.0,                0.0,                1.0,                  10.0,                   4.0,                       4.0,                       7.0, 6.0                        , -3.0                       , 295.0   , -50.0        , 9.0                       , 2.0
C    , Group Stage    , Morocco               , Haiti                 , MetLife Stadium        , East Rutherford, USA    , 2026-06-19, 21:00 ET  , CAF                ,             8.0, Walid Regragui     , CONCACAF           ,            83.0, Marc Collat        , Morocco               , Haiti                 ,    1822.0,    1532.0,           24.0,           77.0,              3.0,              1.0,               2.0,               1.0,                0.0,                3.0,                  13.0,                   6.0,                       3.0,                       5.0, 10.0                       , 1.0                        , 290.0   , -53.0        , 9.0                       , 2.0
D    , Group Stage    , USA                   , Australia             , Lincoln Financial Field, Philadelphia   , USA    , 2026-06-19, 15:00 ET  , CONCACAF           ,            16.0, Mauricio Pochettino, AFC                ,            26.0, Tony Popovic       , United States         , Australia             ,    1721.0,    1783.0,           41.0,           26.0,              2.0,              3.0,               0.0,               1.0,                3.0,                1.0,                  10.0,                   9.0,                      12.0,                       3.0, -2.0                       , 6.0                        , -62.0   , 15.0         , -8.0                      , -1.0
B    , Group Stage    , Canada                , Qatar                 , BC Place               , Vancouver      , Canada , 2026-06-19, 18:00 ET  , CONCACAF           ,            30.0, Jesse Marsch       , AFC                ,            35.0, Marquez Lopez      , Canada                , Qatar                 ,    1784.0,    1425.0,           25.0,           95.0,              2.0,              0.0,               3.0,               2.0,                0.0,                3.0,                  10.0,                   1.0,                       2.0,                      11.0, 8.0                        , -10.0                      , 359.0   , -70.0        , 18.0                      , 2.0
C    , Group Stage    , Brazil                , Scotland              , MetLife Stadium        , East Rutherford, USA    , 2026-06-19, 21:00 ET  , CONMEBOL           ,             6.0, Dorival Júnior     , UEFA               ,            47.0, Steve Clarke       , Brazil                , Scotland              ,    1984.0,    1767.0,            5.0,           29.0,              3.0,              3.0,               1.0,               0.0,                1.0,                2.0,                  13.0,                   9.0,                       7.0,                       3.0, 6.0                        , 6.0                        , 217.0   , -24.0        , 0.0                       , 0.0
E    , Group Stage    , Germany               , Ivory Coast           , NRG Stadium            , Houston        , USA    , 2026-06-20, 19:00 ET  , UEFA               ,            10.0, Julian Nagelsmann  , CAF                ,            33.0, Emerse Faé         , Germany               , Ivory Coast           ,    1923.0,    1676.0,           11.0,           52.0,              5.0,              4.0,               0.0,               0.0,                0.0,                1.0,                  19.0,                  10.0,                       6.0,                       4.0, 13.0                       , 6.0                        , 247.0   , -41.0        , 7.0                       , 1.0
F    , Group Stage    , Netherlands           , Sweden                , NRG Stadium            , Houston        , USA    , 2026-06-20, 19:00 ET  , UEFA               ,             7.0, Ronald Koeman      , UEFA               ,            39.0, Jon Dahl Tomasson  , Netherlands           , Sweden                ,    1961.0,    1719.0,            8.0,           43.0,              2.0,              3.0,               2.0,               1.0,                1.0,                1.0,                   7.0,                  14.0,                       6.0,                       9.0, 1.0                        , 5.0                        , 242.0   , -35.0        , -4.0                      , -1.0
F    , Group Stage    , Tunisia               , Japan                 , Estadio BBVA           , Monterrey      , Mexico , 2026-06-20, 14:00 ET  , CAF                ,            40.0, Faouzi Benzarti    , AFC                ,            18.0, Hajime Moriyasu    , Tunisia               , Japan                 ,    1636.0,    1904.0,           58.0,           13.0,              1.0,              4.0,               1.0,               1.0,                3.0,                0.0,                   2.0,                   8.0,                      11.0,                       2.0, -9.0                       , 6.0                        , -268.0  , 45.0         , -15.0                     , -3.0
D    , Group Stage    , Türkiye               , Paraguay              , MetLife Stadium        , East Rutherford, USA    , 2026-06-20, 00:00 ET  , UEFA               ,            42.0, Vincenzo Montella  , CONMEBOL           ,            64.0, Gustavo Alfaro     , Turkey                , Paraguay              ,    1902.0,    1833.0,           14.0,           22.0,              4.0,              3.0,               0.0,               0.0,                1.0,                2.0,                   8.0,                   9.0,                       3.0,                       7.0, 5.0                        , 2.0                        , 69.0    , -8.0         , 3.0                       , 1.0
E    , Group Stage    , Ecuador               , Curaçao               , Mercedes-Benz Stadium  , Atlanta        , USA    , 2026-06-20, 22:00 ET  , CONMEBOL           ,            24.0, Sebastián Beccacece, CONCACAF           ,            81.0, Dick Advocaat      , Ecuador               , Curaçao               ,    1933.0,    1436.0,            9.0,           90.0,              2.0,              1.0,               2.0,               0.0,                1.0,                4.0,                   7.0,                   7.0,                       4.0,                      18.0, 3.0                        , -11.0                      , 497.0   , -81.0        , 14.0                      , 1.0
H    , Group Stage    , Uruguay               , Cape Verde            , Hard Rock Stadium      , Miami          , USA    , 2026-06-21, 18:00 ET  , CONMEBOL           ,            17.0, Marcelo Bielsa     , CAF                ,            70.0, Pedro Brito        , Uruguay               , Cape Verde            ,    1892.0,    1549.0,           15.0,           72.0,              0.0,              1.0,               4.0,               2.0,                1.0,                2.0,                   3.0,                   6.0,                       7.0,                       8.0, -4.0                       , -2.0                       , 343.0   , -57.0        , -2.0                      , -1.0
H    , Group Stage    , Spain                 , Saudi Arabia          , Estadio Akron          , Guadalajara    , Mexico , 2026-06-21, 21:00 ET  , UEFA               ,             2.0, Luis de la Fuente  , AFC                ,            57.0, Roberto Mancini    , Spain                 , Saudi Arabia          ,    2165.0,    1568.0,            1.0,           71.0,              2.0,              1.0,               3.0,               2.0,                0.0,                2.0,                   7.0,                   6.0,                       2.0,                       5.0, 5.0                        , 1.0                        , 597.0   , -70.0        , 4.0                       , 1.0
G    , Group Stage    , Belgium               , Iran                  , SoFi Stadium           , Inglewood      , USA    , 2026-06-21, 18:00 ET  , UEFA               ,             9.0, Domenico Tedesco   , AFC                ,            21.0, Amir Ghalenoei     , Belgium               , Iran                  ,    1867.0,    1760.0,           19.0,           31.0,              3.0,              3.0,               2.0,               1.0,                0.0,                1.0,                  14.0,                  13.0,                       4.0,                       5.0, 10.0                       , 8.0                        , 107.0   , -12.0        , 2.0                       , 0.0
G    , Group Stage    , New Zealand           , Egypt                 , Lumen Field            , Seattle        , USA    , 2026-06-21, 15:00 ET  , OFC                ,            95.0, Darren Bazeley     , CAF                ,            29.0, Hossam El-Badry    , New Zealand           , Egypt                 ,    1585.0,    1689.0,           68.0,           51.0,              1.0,              2.0,               1.0,               2.0,                3.0,                1.0,                   6.0,                   7.0,                      10.0,                       3.0, -4.0                       , 4.0                        , -104.0  , 17.0         , -8.0                      , -1.0
I    , Group Stage    , France                , Iraq                  , Lincoln Financial Field, Philadelphia   , USA    , 2026-06-22, 17:00 ET  , UEFA               ,             1.0, Didier Deschamps   , AFC                ,            61.0, Graham Arnold      , France                , Iraq                  ,    2081.0,    1607.0,            3.0,           63.0,              4.0,              2.0,               0.0,               1.0,                1.0,                2.0,                  12.0,                   5.0,                       6.0,                       8.0, 6.0                        , -3.0                       , 474.0   , -60.0        , 9.0                       , 2.0
J    , Group Stage    , Argentina             , Austria               , AT&T Stadium           , Arlington      , USA    , 2026-06-22, 13:00 ET  , CONMEBOL           ,             3.0, Lionel Scaloni     , UEFA               ,            23.0, Ralf Rangnick      , Argentina             , Austria               ,    2113.0,    1827.0,            2.0,           23.0,              5.0,              4.0,               0.0,               1.0,                0.0,                0.0,                  15.0,                  11.0,                       1.0,                       3.0, 14.0                       , 8.0                        , 286.0   , -21.0        , 6.0                       , 1.0
I    , Group Stage    , Norway                , Senegal               , Gillette Stadium       , Foxborough     , USA    , 2026-06-22, 20:00 ET  , UEFA               ,            44.0, Ståle Solbakken    , CAF                ,            14.0, Aliou Cissé        , Norway                , Senegal               ,    1912.0,    1878.0,           12.0,           17.0,              2.0,              2.0,               2.0,               1.0,                1.0,                2.0,                   9.0,                   8.0,                       5.0,                       7.0, 4.0                        , 1.0                        , 34.0    , -5.0         , 3.0                       , 0.0
J    , Group Stage    , Jordan                , Algeria               , AT&T Stadium           , Arlington      , USA    , 2026-06-23, 23:00 ET  , AFC                ,            68.0, Hussain Ammouta    , CAF                ,            36.0, Vladimir Petkovic  , Jordan                , Algeria               ,    1690.0,    1743.0,           50.0,           35.0,              0.0,              3.0,               2.0,               1.0,                3.0,                1.0,                   6.0,                  12.0,                      13.0,                       3.0, -7.0                       , 9.0                        , -53.0   , 15.0         , -16.0                     , -3.0
L    , Group Stage    , Croatia               , Panama                , BMO Field              , Toronto        , Canada , 2026-06-23, 21:00 ET  , UEFA               ,            11.0, Zlatko Dalić       , CONCACAF           ,            53.0, Thomas Christiansen, Croatia               , Panama                ,    1930.0,    1737.0,           10.0,           36.0,              2.0,              2.0,               0.0,               1.0,                3.0,                2.0,                   7.0,                   9.0,                      11.0,                      11.0, -4.0                       , -2.0                       , 193.0   , -26.0        , -2.0                      , 0.0
L    , Group Stage    , England               , Ghana                 , Gillette Stadium       , Foxborough     , USA    , 2026-06-23, 19:00 ET  , UEFA               ,             4.0, Thomas Tuchel      , CAF                ,            65.0, Otto Addo          , England               , Ghana                 ,    2020.0,    1503.0,            4.0,           82.0,              3.0,              1.0,               1.0,               1.0,                1.0,                3.0,                   9.0,                   4.0,                       4.0,                      10.0, 5.0                        , -6.0                       , 517.0   , -78.0        , 11.0                      , 2.0
K    , Group Stage    , Colombia              , DR Congo              , Arrowhead Stadium      , Kansas City    , USA    , 2026-06-23, 16:00 ET  , CONMEBOL           ,            13.0, Néstor Lorenzo     , CAF                ,            51.0, Sébastien Desabre  , Colombia              , DR Congo              ,    1975.0,    1655.0,            7.0,           54.0,              3.0,              2.0,               0.0,               2.0,                2.0,                1.0,                  10.0,                   5.0,                       7.0,                       3.0, 3.0                        , 2.0                        , 320.0   , -47.0        , 1.0                       , 1.0
K    , Group Stage    , Portugal              , Uzbekistan            , Arrowhead Stadium      , Kansas City    , USA    , 2026-06-23, 13:00 ET  , UEFA               ,             5.0, Roberto Martínez   , AFC                ,            62.0, Srecko Katanec     , Portugal              , Uzbekistan            ,    1984.0,    1727.0,            5.0,           38.0,              3.0,              1.0,               2.0,               1.0,                0.0,                3.0,                   7.0,                   5.0,                       3.0,                       8.0, 4.0                        , -3.0                       , 257.0   , -33.0        , 7.0                       , 2.0
A    , Group Stage    , Czechia               , Mexico                , Estadio Azteca         , Mexico City    , Mexico , 2026-06-24, 21:00 ET  , UEFA               ,            41.0, Ivan Hasek         , CONCACAF           ,            15.0, Javier Aguirre     , Czechia               , Mexico                ,    1726.0,    1860.0,           40.0,           20.0,              2.0,              5.0,               2.0,               0.0,                1.0,                0.0,                  11.0,                  11.0,                       7.0,                       1.0, 4.0                        , 10.0                       , -134.0  , 20.0         , -6.0                      , -3.0
A    , Group Stage    , South Africa          , South Korea           , Estadio Azteca         , Mexico City    , Mexico , 2026-06-24, 21:00 ET  , CAF                ,            60.0, Hugo Broos         , AFC                ,            25.0, Hong Myung-bo      , South Africa          , South Korea           ,    1524.0,    1752.0,           79.0,           33.0,              1.0,              3.0,               2.0,               0.0,                2.0,                2.0,                   3.0,                   8.0,                       5.0,                       3.0, -2.0                       , 5.0                        , -228.0  , 46.0         , -7.0                      , -2.0
B    , Group Stage    , Switzerland           , Canada                , BC Place               , Vancouver      , Canada , 2026-06-24, 18:00 ET  , UEFA               ,            19.0, Murat Yakin        , CONCACAF           ,            30.0, Jesse Marsch       , Switzerland           , Canada                ,    1889.0,    1784.0,           16.0,           25.0,              2.0,              2.0,               3.0,               3.0,                0.0,                0.0,                  10.0,                  10.0,                       4.0,                       2.0, 6.0                        , 8.0                        , 105.0   , -9.0         , -2.0                      , 0.0
C    , Group Stage    , Morocco               , Haiti                 , Gillette Stadium       , Foxborough     , USA    , 2026-06-24, 21:00 ET  , CAF                ,             8.0, Walid Regragui     , CONCACAF           ,            83.0, Marc Collat        , Morocco               , Haiti                 ,    1822.0,    1532.0,           24.0,           77.0,              3.0,              1.0,               2.0,               1.0,                0.0,                3.0,                  13.0,                   6.0,                       3.0,                       5.0, 10.0                       , 1.0                        , 290.0   , -53.0        , 9.0                       , 2.0
C    , Group Stage    , Scotland              , Brazil                , Gillette Stadium       , Foxborough     , USA    , 2026-06-24, 21:00 ET  , UEFA               ,            47.0, Steve Clarke       , CONMEBOL           ,             6.0, Dorival Júnior     , Scotland              , Brazil                ,    1767.0,    1984.0,           29.0,            5.0,              3.0,              3.0,               0.0,               1.0,                2.0,                1.0,                   9.0,                  13.0,                       3.0,                       7.0, 6.0                        , 6.0                        , -217.0  , 24.0         , 0.0                       , 0.0
B    , Group Stage    , Bosnia and Herzegovina, Qatar                 , BMO Field              , Toronto        , Canada , 2026-06-24, 18:00 ET  , UEFA               ,            52.0, Sergej Barbarez    , AFC                ,            35.0, Marquez Lopez      , Bosnia and Herzegovina, Qatar                 ,    1594.0,    1425.0,           66.0,           95.0,              0.0,              0.0,               4.0,               2.0,                1.0,                3.0,                   4.0,                   1.0,                       7.0,                      11.0, -3.0                       , -10.0                      , 169.0   , -29.0        , 7.0                       , 0.0
E    , Group Stage    , Curaçao               , Ivory Coast           , AT&T Stadium           , Arlington      , USA    , 2026-06-25, 18:00 ET  , CONCACAF           ,            81.0, Dick Advocaat      , CAF                ,            33.0, Emerse Faé         , Curaçao               , Ivory Coast           ,    1436.0,    1676.0,           90.0,           52.0,              1.0,              4.0,               0.0,               0.0,                4.0,                1.0,                   7.0,                  10.0,                      18.0,                       4.0, -11.0                      , 6.0                        , -240.0  , 38.0         , -17.0                     , -3.0
E    , Group Stage    , Ecuador               , Germany               , AT&T Stadium           , Arlington      , USA    , 2026-06-25, 18:00 ET  , CONMEBOL           ,            24.0, Sebastián Beccacece, UEFA               ,            10.0, Julian Nagelsmann  , Ecuador               , Germany               ,    1933.0,    1923.0,            9.0,           11.0,              2.0,              5.0,               2.0,               0.0,                1.0,                0.0,                   7.0,                  19.0,                       4.0,                       6.0, 3.0                        , 13.0                       , 10.0    , -2.0         , -10.0                     , -3.0
D    , Group Stage    , Paraguay              , Australia             , AT&T Stadium           , Arlington      , USA    , 2026-06-25, 21:00 ET  , CONMEBOL           ,            64.0, Gustavo Alfaro     , AFC                ,            26.0, Tony Popovic       , Paraguay              , Australia             ,    1833.0,    1783.0,           22.0,           26.0,              3.0,              3.0,               0.0,               1.0,                2.0,                1.0,                   9.0,                   9.0,                       7.0,                       3.0, 2.0                        , 6.0                        , 50.0    , -4.0         , -4.0                      , 0.0
D    , Group Stage    , Türkiye               , USA                   , AT&T Stadium           , Arlington      , USA    , 2026-06-25, 21:00 ET  , UEFA               ,            42.0, Vincenzo Montella  , CONCACAF           ,            16.0, Mauricio Pochettino, Turkey                , United States         ,    1902.0,    1721.0,           14.0,           41.0,              4.0,              2.0,               0.0,               0.0,                1.0,                3.0,                   8.0,                  10.0,                       3.0,                      12.0, 5.0                        , -2.0                       , 181.0   , -27.0        , 7.0                       , 2.0
G    , Group Stage    , Egypt                 , Iran                  , Lumen Field            , Seattle        , USA    , 2026-06-26, 18:00 ET  , CAF                ,            29.0, Hossam El-Badry    , AFC                ,            21.0, Amir Ghalenoei     , Egypt                 , Iran                  ,    1689.0,    1760.0,           51.0,           31.0,              2.0,              3.0,               2.0,               1.0,                1.0,                1.0,                   7.0,                  13.0,                       3.0,                       5.0, 4.0                        , 8.0                        , -71.0   , 20.0         , -4.0                      , -1.0
I    , Group Stage    , Senegal               , Iraq                  , MetLife Stadium        , East Rutherford, USA    , 2026-06-26, 15:00 ET  , CAF                ,            14.0, Aliou Cissé        , AFC                ,            61.0, Graham Arnold      , Senegal               , Iraq                  ,    1878.0,    1607.0,           17.0,           63.0,              2.0,              2.0,               1.0,               1.0,                2.0,                2.0,                   8.0,                   5.0,                       7.0,                       8.0, 1.0                        , -3.0                       , 271.0   , -46.0        , 4.0                       , 0.0
I    , Group Stage    , Norway                , France                , MetLife Stadium        , East Rutherford, USA    , 2026-06-26, 15:00 ET  , UEFA               ,            44.0, Ståle Solbakken    , UEFA               ,             1.0, Didier Deschamps   , Norway                , France                ,    1912.0,    2081.0,           12.0,            3.0,              2.0,              4.0,               2.0,               0.0,                1.0,                1.0,                   9.0,                  12.0,                       5.0,                       6.0, 4.0                        , 6.0                        , -169.0  , 9.0          , -2.0                      , -2.0
G    , Group Stage    , New Zealand           , Belgium               , SoFi Stadium           , Inglewood      , USA    , 2026-06-26, 18:00 ET  , OFC                ,            95.0, Darren Bazeley     , UEFA               ,             9.0, Domenico Tedesco   , New Zealand           , Belgium               ,    1585.0,    1867.0,           68.0,           19.0,              1.0,              3.0,               1.0,               2.0,                3.0,                0.0,                   6.0,                  14.0,                      10.0,                       4.0, -4.0                       , 10.0                       , -282.0  , 49.0         , -14.0                     , -2.0
H    , Group Stage    , Uruguay               , Spain                 , Estadio Akron          , Guadalajara    , Mexico , 2026-06-26, 20:00 ET  , CONMEBOL           ,            17.0, Marcelo Bielsa     , UEFA               ,             2.0, Luis de la Fuente  , Uruguay               , Spain                 ,    1892.0,    2165.0,           15.0,            1.0,              0.0,              2.0,               4.0,               3.0,                1.0,                0.0,                   3.0,                   7.0,                       7.0,                       2.0, -4.0                       , 5.0                        , -273.0  , 14.0         , -9.0                      , -2.0
H    , Group Stage    , Cape Verde            , Saudi Arabia          , Estadio Akron          , Guadalajara    , Mexico , 2026-06-26, 20:00 ET  , CAF                ,            70.0, Pedro Brito        , AFC                ,            57.0, Roberto Mancini    , Cape Verde            , Saudi Arabia          ,    1549.0,    1568.0,           72.0,           71.0,              1.0,              1.0,               2.0,               2.0,                2.0,                2.0,                   6.0,                   6.0,                       8.0,                       5.0, -2.0                       , 1.0                        , -19.0   , 1.0          , -3.0                      , 0.0
F    , Group Stage    , Japan                 , Sweden                , AT&T Stadium           , Arlington      , USA    , 2026-06-26, 15:00 ET  , AFC                ,            18.0, Hajime Moriyasu    , UEFA               ,            39.0, Jon Dahl Tomasson  , Japan                 , Sweden                ,    1904.0,    1719.0,           13.0,           43.0,              4.0,              3.0,               1.0,               1.0,                0.0,                1.0,                   8.0,                  14.0,                       2.0,                       9.0, 6.0                        , 5.0                        , 185.0   , -30.0        , 1.0                       , 1.0
F    , Group Stage    , Tunisia               , Netherlands           , AT&T Stadium           , Arlington      , USA    , 2026-06-26, 15:00 ET  , CAF                ,            40.0, Faouzi Benzarti    , UEFA               ,             7.0, Ronald Koeman      , Tunisia               , Netherlands           ,    1636.0,    1961.0,           58.0,            8.0,              1.0,              2.0,               1.0,               2.0,                3.0,                1.0,                   2.0,                   7.0,                      11.0,                       6.0, -9.0                       , 1.0                        , -325.0  , 50.0         , -10.0                     , -1.0
J    , Group Stage    , Jordan                , Argentina             , AT&T Stadium           , Arlington      , USA    , 2026-06-27, 22:00 ET  , AFC                ,            68.0, Hussain Ammouta    , CONMEBOL           ,             3.0, Lionel Scaloni     , Jordan                , Argentina             ,    1690.0,    2113.0,           50.0,            2.0,              0.0,              5.0,               2.0,               0.0,                3.0,                0.0,                   6.0,                  15.0,                      13.0,                       1.0, -7.0                       , 14.0                       , -423.0  , 48.0         , -21.0                     , -5.0
L    , Group Stage    , Panama                , England               , MetLife Stadium        , East Rutherford, USA    , 2026-06-27, 15:00 ET  , CONCACAF           ,            53.0, Thomas Christiansen, UEFA               ,             4.0, Thomas Tuchel      , Panama                , England               ,    1737.0,    2020.0,           36.0,            4.0,              2.0,              3.0,               1.0,               1.0,                2.0,                1.0,                   9.0,                   9.0,                      11.0,                       4.0, -2.0                       , 5.0                        , -283.0  , 32.0         , -7.0                      , -1.0
K    , Group Stage    , Colombia              , Portugal              , Hard Rock Stadium      , Miami          , USA    , 2026-06-27, 20:00 ET  , CONMEBOL           ,            13.0, Néstor Lorenzo     , UEFA               ,             5.0, Roberto Martínez   , Colombia              , Portugal              ,    1975.0,    1984.0,            7.0,            5.0,              3.0,              3.0,               0.0,               2.0,                2.0,                0.0,                  10.0,                   7.0,                       7.0,                       3.0, 3.0                        , 4.0                        , -9.0    , 2.0          , -1.0                      , 0.0
K    , Group Stage    , DR Congo              , Uzbekistan            , Hard Rock Stadium      , Miami          , USA    , 2026-06-27, 20:00 ET  , CAF                ,            51.0, Sébastien Desabre  , AFC                ,            62.0, Srecko Katanec     , DR Congo              , Uzbekistan            ,    1655.0,    1727.0,           54.0,           38.0,              2.0,              1.0,               2.0,               1.0,                1.0,                3.0,                   5.0,                   5.0,                       3.0,                       8.0, 2.0                        , -3.0                       , -72.0   , 16.0         , 5.0                       , 1.0
J    , Group Stage    , Algeria               , Austria               , Arrowhead Stadium      , Kansas City    , USA    , 2026-06-27, 22:00 ET  , CAF                ,            36.0, Vladimir Petkovic  , UEFA               ,            23.0, Ralf Rangnick      , Algeria               , Austria               ,    1743.0,    1827.0,           35.0,           23.0,              3.0,              4.0,               1.0,               1.0,                1.0,                0.0,                  12.0,                  11.0,                       3.0,                       3.0, 9.0                        , 8.0                        , -84.0   , 12.0         , 1.0                       , -1.0
L    , Group Stage    , Croatia               , Ghana                 , MetLife Stadium        , East Rutherford, USA    , 2026-06-27, 15:00 ET  , UEFA               ,            11.0, Zlatko Dalić       , CAF                ,            65.0, Otto Addo          , Croatia               , Ghana                 ,    1930.0,    1503.0,           10.0,           82.0,              2.0,              1.0,               0.0,               1.0,                3.0,                3.0,                   7.0,                   4.0,                      11.0,                      10.0, -4.0                       , -6.0                       , 427.0   , -72.0        , 2.0                       , 1.0
     , Round of 32    , 1B                    , 2A                    , AT&T Stadium           , Arlington      , USA    , 2026-06-28, TBD       ,                    ,                ,                    ,                    ,                ,                    , 1B                    , 2A                    ,          ,          ,               ,               ,                 ,                 ,                  ,                  ,                   ,                   ,                      ,                      ,                          ,                          ,                            ,                            ,         ,              ,                           , 
     , Round of 32    , 1A                    , 2B                    , MetLife Stadium        , East Rutherford, USA    , 2026-06-28, TBD       ,                    ,                ,                    ,                    ,                ,                    , 1A                    , 2B                    ,          ,          ,               ,               ,                 ,                 ,                  ,                  ,                   ,                   ,                      ,                      ,                          ,                          ,                            ,                            ,         ,              ,                           , 
     , Round of 32    , 1C                    , 2D                    , NRG Stadium            , Houston        , USA    , 2026-06-29, TBD       ,                    ,                ,                    ,                    ,                ,                    , 1C                    , 2D                    ,          ,          ,               ,               ,                 ,                 ,                  ,                  ,                   ,                   ,                      ,                      ,                          ,                          ,                            ,                            ,         ,              ,                           , 
     , Round of 32    , 1D                    , 2C                    , Rose Bowl              , Pasadena       , USA    , 2026-06-29, TBD       ,                    ,                ,                    ,                    ,                ,                    , 1D                    , 2C                    ,          ,          ,               ,               ,                 ,                 ,                  ,                  ,                   ,                   ,                      ,                      ,                          ,                          ,                            ,                            ,         ,              ,                           , 
     , Round of 32    , 1E                    , 2F                    , SoFi Stadium           , Inglewood      , USA    , 2026-06-30, TBD       ,                    ,                ,                    ,                    ,                ,                    , 1E                    , 2F                    ,          ,          ,               ,               ,                 ,                 ,                  ,                  ,                   ,                   ,                      ,                      ,                          ,                          ,                            ,                            ,         ,              ,                           , 
     , Round of 32    , 1F                    , 2E                    , Lumen Field            , Seattle        , USA    , 2026-06-30, TBD       ,                    ,                ,                    ,                    ,                ,                    , 1F                    , 2E                    ,          ,          ,               ,               ,                 ,                 ,                  ,                  ,                   ,                   ,                      ,                      ,                          ,                          ,                            ,                            ,         ,              ,                           , 
     , Round of 32    , 1G                    , 2H                    , Mercedes-Benz Stadium  , Atlanta        , USA    , 2026-07-01, TBD       ,                    ,                ,                    ,                    ,                ,                    , 1G                    , 2H                    ,          ,          ,               ,               ,                 ,                 ,                  ,                  ,                   ,                   ,                      ,                      ,                          ,                          ,                            ,                            ,         ,              ,                           , 
     , Round of 32    , 1H                    , 2G                    , Hard Rock Stadium      , Miami          , USA    , 2026-07-01, TBD       ,                    ,                ,                    ,                    ,                ,                    , 1H                    , 2G                    ,          ,          ,               ,               ,                 ,                 ,                  ,                  ,                   ,                   ,                      ,                      ,                          ,                          ,                            ,                            ,         ,              ,                           , 
     , Round of 32    , 1I                    , 2J                    , Lincoln Financial Field, Philadelphia   , USA    , 2026-07-02, TBD       ,                    ,                ,                    ,                    ,                ,                    , 1I                    , 2J                    ,          ,          ,               ,               ,                 ,                 ,                  ,                  ,                   ,                   ,                      ,                      ,                          ,                          ,                            ,                            ,         ,              ,                           , 
     , Round of 32    , 1J                    , 2I                    , Arrowhead Stadium      , Kansas City    , USA    , 2026-07-02, TBD       ,                    ,                ,                    ,                    ,                ,                    , 1J                    , 2I                    ,          ,          ,               ,               ,                 ,                 ,                  ,                  ,                   ,                   ,                      ,                      ,                          ,                          ,                            ,                            ,         ,              ,                           , 
     , Round of 32    , 1K                    , 2L                    , Gillette Stadium       , Foxborough     , USA    , 2026-07-03, TBD       ,                    ,                ,                    ,                    ,                ,                    , 1K                    , 2L                    ,          ,          ,               ,               ,                 ,                 ,                  ,                  ,                   ,                   ,                      ,                      ,                          ,                          ,                            ,                            ,         ,              ,                           , 
     , Round of 32    , 1L                    , 2K                    , BC Place               , Vancouver      , Canada , 2026-07-03, TBD       ,                    ,                ,                    ,                    ,                ,                    , 1L                    , 2K                    ,          ,          ,               ,               ,                 ,                 ,                  ,                  ,                   ,                   ,                      ,                      ,                          ,                          ,                            ,                            ,         ,              ,                           , 
     , Round of 32    , Best 3rd #1           , Best 3rd #2           , BMO Field              , Toronto        , Canada , 2026-07-03, TBD       ,                    ,                ,                    ,                    ,                ,                    , Best 3rd #1           , Best 3rd #2           ,          ,          ,               ,               ,                 ,                 ,                  ,                  ,                   ,                   ,                      ,                      ,                          ,                          ,                            ,                            ,         ,              ,                           , 
     , Round of 32    , Best 3rd #3           , Best 3rd #4           , Estadio BBVA           , Monterrey      , Mexico , 2026-07-03, TBD       ,                    ,                ,                    ,                    ,                ,                    , Best 3rd #3           , Best 3rd #4           ,          ,          ,               ,               ,                 ,                 ,                  ,                  ,                   ,                   ,                      ,                      ,                          ,                          ,                            ,                            ,         ,              ,                           , 
     , Round of 16    , R32 W1                , R32 W2                , AT&T Stadium           , Arlington      , USA    , 2026-07-04, TBD       ,                    ,                ,                    ,                    ,                ,                    , R32 W1                , R32 W2                ,          ,          ,               ,               ,                 ,                 ,                  ,                  ,                   ,                   ,                      ,                      ,                          ,                          ,                            ,                            ,         ,              ,                           , 
     , Round of 32    , Best 3rd #7           , Best 3rd #8           , Estadio Azteca         , Mexico City    , Mexico , 2026-07-04, TBD       ,                    ,                ,                    ,                    ,                ,                    , Best 3rd #7           , Best 3rd #8           ,          ,          ,               ,               ,                 ,                 ,                  ,                  ,                   ,                   ,                      ,                      ,                          ,                          ,                            ,                            ,         ,              ,                           , 
     , Round of 32    , Best 3rd #5           , Best 3rd #6           , Estadio Akron          , Guadalajara    , Mexico , 2026-07-04, TBD       ,                    ,                ,                    ,                    ,                ,                    , Best 3rd #5           , Best 3rd #6           ,          ,          ,               ,               ,                 ,                 ,                  ,                  ,                   ,                   ,                      ,                      ,                          ,                          ,                            ,                            ,         ,              ,                           , 
     , Round of 16    , R32 W3                , R32 W4                , MetLife Stadium        , East Rutherford, USA    , 2026-07-05, TBD       ,                    ,                ,                    ,                    ,                ,                    , R32 W3                , R32 W4                ,          ,          ,               ,               ,                 ,                 ,                  ,                  ,                   ,                   ,                      ,                      ,                          ,                          ,                            ,                            ,         ,              ,                           , 
     , Round of 16    , R32 W5                , R32 W6                , Rose Bowl              , Pasadena       , USA    , 2026-07-05, TBD       ,                    ,                ,                    ,                    ,                ,                    , R32 W5                , R32 W6                ,          ,          ,               ,               ,                 ,                 ,                  ,                  ,                   ,                   ,                      ,                      ,                          ,                          ,                            ,                            ,         ,              ,                           , 
     , Round of 16    , R32 W7                , R32 W8                , NRG Stadium            , Houston        , USA    , 2026-07-06, TBD       ,                    ,                ,                    ,                    ,                ,                    , R32 W7                , R32 W8                ,          ,          ,               ,               ,                 ,                 ,                  ,                  ,                   ,                   ,                      ,                      ,                          ,                          ,                            ,                            ,         ,              ,                           , 
     , Round of 16    , R32 W9                , R32 W10               , SoFi Stadium           , Inglewood      , USA    , 2026-07-06, TBD       ,                    ,                ,                    ,                    ,                ,                    , R32 W9                , R32 W10               ,          ,          ,               ,               ,                 ,                 ,                  ,                  ,                   ,                   ,                      ,                      ,                          ,                          ,                            ,                            ,         ,              ,                           , 
     , Round of 16    , R32 W11               , R32 W12               , Lumen Field            , Seattle        , USA    , 2026-07-07, TBD       ,                    ,                ,                    ,                    ,                ,                    , R32 W11               , R32 W12               ,          ,          ,               ,               ,                 ,                 ,                  ,                  ,                   ,                   ,                      ,                      ,                          ,                          ,                            ,                            ,         ,              ,                           , 
     , Round of 16    , R32 W13               , R32 W14               , Hard Rock Stadium      , Miami          , USA    , 2026-07-07, TBD       ,                    ,                ,                    ,                    ,                ,                    , R32 W13               , R32 W14               ,          ,          ,               ,               ,                 ,                 ,                  ,                  ,                   ,                   ,                      ,                      ,                          ,                          ,                            ,                            ,         ,              ,                           , 
     , Round of 16    , R32 W15               , R32 W16               , Mercedes-Benz Stadium  , Atlanta        , USA    , 2026-07-07, TBD       ,                    ,                ,                    ,                    ,                ,                    , R32 W15               , R32 W16               ,          ,          ,               ,               ,                 ,                 ,                  ,                  ,                   ,                   ,                      ,                      ,                          ,                          ,                            ,                            ,         ,              ,                           , 
     , Quarter-final  , QF1                   , QF2                   , AT&T Stadium           , Arlington      , USA    , 2026-07-09, TBD       ,                    ,                ,                    ,                    ,                ,                    , QF1                   , QF2                   ,          ,          ,               ,               ,                 ,                 ,                  ,                  ,                   ,                   ,                      ,                      ,                          ,                          ,                            ,                            ,         ,              ,                           , 
     , Quarter-final  , QF3                   , QF4                   , MetLife Stadium        , East Rutherford, USA    , 2026-07-10, TBD       ,                    ,                ,                    ,                    ,                ,                    , QF3                   , QF4                   ,          ,          ,               ,               ,                 ,                 ,                  ,                  ,                   ,                   ,                      ,                      ,                          ,                          ,                            ,                            ,         ,              ,                           , 
     , Quarter-final  , QF5                   , QF6                   , Rose Bowl              , Pasadena       , USA    , 2026-07-10, TBD       ,                    ,                ,                    ,                    ,                ,                    , QF5                   , QF6                   ,          ,          ,               ,               ,                 ,                 ,                  ,                  ,                   ,                   ,                      ,                      ,                          ,                          ,                            ,                            ,         ,              ,                           , 
     , Quarter-final  , QF7                   , QF8                   , NRG Stadium            , Houston        , USA    , 2026-07-11, TBD       ,                    ,                ,                    ,                    ,                ,                    , QF7                   , QF8                   ,          ,          ,               ,               ,                 ,                 ,                  ,                  ,                   ,                   ,                      ,                      ,                          ,                          ,                            ,                            ,         ,              ,                           , 
     , Semi-final     , SF1                   , SF2                   , AT&T Stadium           , Arlington      , USA    , 2026-07-14, TBD       ,                    ,                ,                    ,                    ,                ,                    , SF1                   , SF2                   ,          ,          ,               ,               ,                 ,                 ,                  ,                  ,                   ,                   ,                      ,                      ,                          ,                          ,                            ,                            ,         ,              ,                           , 
     , Semi-final     , SF3                   , SF4                   , MetLife Stadium        , East Rutherford, USA    , 2026-07-15, TBD       ,                    ,                ,                    ,                    ,                ,                    , SF3                   , SF4                   ,          ,          ,               ,               ,                 ,                 ,                  ,                  ,                   ,                   ,                      ,                      ,                          ,                          ,                            ,                            ,         ,              ,                           , 
     , 3rd Place Match, 3rd Place             , 3rd Place             , Hard Rock Stadium      , Miami          , USA    , 2026-07-18, TBD       ,                    ,                ,                    ,                    ,                ,                    , 3rd Place             , 3rd Place             ,          ,          ,               ,               ,                 ,                 ,                  ,                  ,                   ,                   ,                      ,                      ,                          ,                          ,                            ,                            ,         ,              ,                           , 
     , Final          , Finalist 1            , Finalist 2            , MetLife Stadium        , East Rutherford, USA    , 2026-07-19, TBD       ,                    ,                ,                    ,                    ,                ,                    , Finalist 1            , Finalist 2            ,          ,          ,               ,               ,                 ,                 ,                  ,                  ,                   ,                   ,                      ,                      ,                          ,                          ,                            ,                            ,         ,              ,                           , 
