provider,provider_match_id,date,stage,group,home_team,away_team,raw_home_team,raw_away_team,home_score,away_score,home_winner,away_winner,status,status_state,status_detail,display_clock,period,is_finished,is_live,is_scheduled,venue,city,country,source_note,fetched_at
espn,760415,2026-06-11T19:00Z,group-stage,A,Mexico,South Africa,Mexico,South Africa,2.0,0.0,True,False,Full Time,post,FT,90'+8',2.0,True,False,False,Estadio Banorte,Mexico City,Mexico,"FIFA World Cup, Group A",2026-06-29T16:08:37+00:00
espn,760414,2026-06-12T02:00Z,group-stage,A,South Korea,Czechia,South Korea,Czechia,2.0,1.0,True,False,Full Time,post,FT,90'+7',2.0,True,False,False,Estadio Akron,Guadalajara,Mexico,"FIFA World Cup, Group A",2026-06-29T16:08:37+00:00
espn,760416,2026-06-12T19:00Z,group-stage,B,Canada,Bosnia and Herzegovina,Canada,Bosnia-Herzegovina,1.0,1.0,False,False,Full Time,post,FT,90'+7',2.0,True,False,False,BMO Field,Toronto,Canada,"FIFA World Cup, Group B",2026-06-29T16:08:37+00:00
espn,760417,2026-06-13T01:00Z,group-stage,D,United States,Paraguay,United States,Paraguay,4.0,1.0,True,False,Full Time,post,FT,90'+9',2.0,True,False,False,SoFi Stadium,"Inglewood, California",USA,"FIFA World Cup, Group D",2026-06-29T16:08:37+00:00
espn,760420,2026-06-13T19:00Z,group-stage,B,Qatar,Switzerland,Qatar,Switzerland,1.0,1.0,False,False,Full Time,post,FT,90'+7',2.0,True,False,False,Levi's Stadium,"Santa Clara, California",USA,"FIFA World Cup, Group B",2026-06-29T16:08:37+00:00
espn,760419,2026-06-13T22:00Z,group-stage,C,Brazil,Morocco,Brazil,Morocco,1.0,1.0,False,False,Full Time,post,FT,90'+25',2.0,True,False,False,MetLife Stadium,"East Rutherford, New Jersey",USA,"FIFA World Cup, Group C",2026-06-29T16:08:37+00:00
espn,760418,2026-06-14T01:00Z,group-stage,C,Haiti,Scotland,Haiti,Scotland,0.0,1.0,False,True,Full Time,post,FT,90'+8',2.0,True,False,False,Gillette Stadium,"Foxborough, Massachusetts",USA,"FIFA World Cup, Group C",2026-06-29T16:08:37+00:00
espn,760421,2026-06-14T04:00Z,group-stage,D,Australia,Turkey,Australia,Türkiye,2.0,0.0,True,False,Full Time,post,FT,90'+6',2.0,True,False,False,BC Place,Vancouver,Canada,"FIFA World Cup, Group D",2026-06-29T16:08:37+00:00
espn,760422,2026-06-14T17:00Z,group-stage,E,Germany,Curaçao,Germany,Curaçao,7.0,1.0,True,False,Full Time,post,FT,90'+6',2.0,True,False,False,NRG Stadium,"Houston, Texas",USA,"FIFA World Cup, Group E",2026-06-29T16:08:37+00:00
espn,760425,2026-06-14T20:00Z,group-stage,F,Netherlands,Japan,Netherlands,Japan,2.0,2.0,False,False,Full Time,post,FT,90'+6',2.0,True,False,False,AT&T Stadium,"Arlington, Texas",USA,"FIFA World Cup, Group F",2026-06-29T16:08:37+00:00
espn,760423,2026-06-14T23:00Z,group-stage,E,Ivory Coast,Ecuador,Ivory Coast,Ecuador,1.0,0.0,True,False,Full Time,post,FT,90'+8',2.0,True,False,False,Lincoln Financial Field,"Philadelphia, Pennsylvania",USA,"FIFA World Cup, Group E",2026-06-29T16:08:37+00:00
espn,760424,2026-06-15T02:00Z,group-stage,F,Sweden,Tunisia,Sweden,Tunisia,5.0,1.0,True,False,Full Time,post,FT,90'+6',2.0,True,False,False,Estadio BBVA,Guadalupe,Mexico,"FIFA World Cup, Group F",2026-06-29T16:08:37+00:00
espn,760428,2026-06-15T16:00Z,group-stage,H,Spain,Cape Verde,Spain,Cape Verde,0.0,0.0,False,False,Full Time,post,FT,90'+5',2.0,True,False,False,Mercedes-Benz Stadium,"Atlanta, Georgia",USA,"FIFA World Cup, Group H",2026-06-29T16:08:37+00:00
espn,760426,2026-06-15T19:00Z,group-stage,G,Belgium,Egypt,Belgium,Egypt,1.0,1.0,False,False,Full Time,post,FT,90'+5',2.0,True,False,False,Lumen Field,"Seattle, Washington",USA,"FIFA World Cup, Group G",2026-06-29T16:08:37+00:00
espn,760429,2026-06-15T22:00Z,group-stage,H,Saudi Arabia,Uruguay,Saudi Arabia,Uruguay,1.0,1.0,False,False,Full Time,post,FT,90'+8',2.0,True,False,False,Hard Rock Stadium,"Miami Gardens, Florida",USA,"FIFA World Cup, Group H",2026-06-29T16:08:37+00:00
espn,760427,2026-06-16T01:00Z,group-stage,G,Iran,New Zealand,Iran,New Zealand,2.0,2.0,False,False,Full Time,post,FT,90'+5',2.0,True,False,False,SoFi Stadium,"Inglewood, California",USA,"FIFA World Cup, Group G",2026-06-29T16:08:37+00:00
espn,760432,2026-06-16T19:00Z,group-stage,I,France,Senegal,France,Senegal,3.0,1.0,True,False,Full Time,post,FT,90'+10',2.0,True,False,False,MetLife Stadium,"East Rutherford, New Jersey",USA,"FIFA World Cup, Group I",2026-06-29T16:08:37+00:00
espn,760430,2026-06-16T22:00Z,group-stage,I,Iraq,Norway,Iraq,Norway,1.0,4.0,False,True,Full Time,post,FT,90'+8',2.0,True,False,False,Gillette Stadium,"Foxborough, Massachusetts",USA,"FIFA World Cup, Group I",2026-06-29T16:08:37+00:00
espn,760433,2026-06-17T01:00Z,group-stage,J,Argentina,Algeria,Argentina,Algeria,3.0,0.0,True,False,Full Time,post,FT,90'+6',2.0,True,False,False,GEHA Field at Arrowhead Stadium,"Kansas City, Missouri",USA,"FIFA World Cup, Group J",2026-06-29T16:08:37+00:00
espn,760431,2026-06-17T04:00Z,group-stage,J,Austria,Jordan,Austria,Jordan,3.0,1.0,True,False,Full Time,post,FT,90'+14',2.0,True,False,False,Levi's Stadium,"Santa Clara, California",USA,"FIFA World Cup, Group J",2026-06-29T16:08:37+00:00
espn,760435,2026-06-17T17:00Z,group-stage,K,Portugal,DR Congo,Portugal,Congo DR,1.0,1.0,False,False,Full Time,post,FT,90'+5',2.0,True,False,False,NRG Stadium,"Houston, Texas",USA,"FIFA World Cup, Group K",2026-06-29T16:08:37+00:00
espn,760437,2026-06-17T20:00Z,group-stage,L,England,Croatia,England,Croatia,4.0,2.0,True,False,Full Time,post,FT,90'+7',2.0,True,False,False,AT&T Stadium,"Arlington, Texas",USA,"FIFA World Cup, Group L",2026-06-29T16:08:37+00:00
espn,760434,2026-06-17T23:00Z,group-stage,L,Ghana,Panama,Ghana,Panama,1.0,0.0,True,False,Full Time,post,FT,90'+11',2.0,True,False,False,BMO Field,Toronto,Canada,"FIFA World Cup, Group L",2026-06-29T16:08:37+00:00
espn,760436,2026-06-18T02:00Z,group-stage,K,Uzbekistan,Colombia,Uzbekistan,Colombia,1.0,3.0,False,True,Full Time,post,FT,90'+11',2.0,True,False,False,Estadio Banorte,Mexico City,Mexico,"FIFA World Cup, Group K",2026-06-29T16:08:37+00:00
espn,760438,2026-06-18T16:00Z,group-stage,A,Czechia,South Africa,Czechia,South Africa,1.0,1.0,False,False,Full Time,post,FT,90'+7',2.0,True,False,False,Mercedes-Benz Stadium,"Atlanta, Georgia",USA,"FIFA World Cup, Group A",2026-06-29T16:08:37+00:00
espn,760439,2026-06-18T19:00Z,group-stage,B,Switzerland,Bosnia and Herzegovina,Switzerland,Bosnia-Herzegovina,4.0,1.0,True,False,Full Time,post,FT,90'+8',2.0,True,False,False,SoFi Stadium,"Inglewood, California",USA,"FIFA World Cup, Group B",2026-06-29T16:08:37+00:00
espn,760440,2026-06-18T22:00Z,group-stage,B,Canada,Qatar,Canada,Qatar,6.0,0.0,True,False,Full Time,post,FT,90'+10',2.0,True,False,False,BC Place,Vancouver,Canada,"FIFA World Cup, Group B",2026-06-29T16:08:37+00:00
espn,760441,2026-06-19T01:00Z,group-stage,A,Mexico,South Korea,Mexico,South Korea,1.0,0.0,True,False,Full Time,post,FT,90'+6',2.0,True,False,False,Estadio Akron,Guadalajara,Mexico,"FIFA World Cup, Group A",2026-06-29T16:08:37+00:00
espn,760442,2026-06-19T19:00Z,group-stage,D,United States,Australia,United States,Australia,2.0,0.0,True,False,Full Time,post,FT,90'+8',2.0,True,False,False,Lumen Field,"Seattle, Washington",USA,"FIFA World Cup, Group D",2026-06-29T16:08:37+00:00
espn,760445,2026-06-19T22:00Z,group-stage,C,Scotland,Morocco,Scotland,Morocco,0.0,1.0,False,True,Full Time,post,FT,90'+7',2.0,True,False,False,Gillette Stadium,"Foxborough, Massachusetts",USA,"FIFA World Cup, Group C",2026-06-29T16:08:37+00:00
espn,760444,2026-06-20T00:30Z,group-stage,C,Brazil,Haiti,Brazil,Haiti,3.0,0.0,True,False,Full Time,post,FT,90'+5',2.0,True,False,False,Lincoln Financial Field,"Philadelphia, Pennsylvania",USA,"FIFA World Cup, Group C",2026-06-29T16:08:37+00:00
espn,760443,2026-06-20T03:00Z,group-stage,D,Turkey,Paraguay,Türkiye,Paraguay,0.0,1.0,False,True,Full Time,post,FT,90'+9',2.0,True,False,False,Levi's Stadium,"Santa Clara, California",USA,"FIFA World Cup, Group D",2026-06-29T16:08:37+00:00
espn,760447,2026-06-20T17:00Z,group-stage,F,Netherlands,Sweden,Netherlands,Sweden,5.0,1.0,True,False,Full Time,post,FT,90'+5',2.0,True,False,False,NRG Stadium,"Houston, Texas",USA,"FIFA World Cup, Group F",2026-06-29T16:08:37+00:00
espn,760448,2026-06-20T20:00Z,group-stage,E,Germany,Ivory Coast,Germany,Ivory Coast,2.0,1.0,True,False,Full Time,post,FT,90'+7',2.0,True,False,False,BMO Field,Toronto,Canada,"FIFA World Cup, Group E",2026-06-29T16:08:37+00:00
espn,760446,2026-06-21T00:00Z,group-stage,E,Ecuador,Curaçao,Ecuador,Curaçao,0.0,0.0,False,False,Full Time,post,FT,90'+6',2.0,True,False,False,GEHA Field at Arrowhead Stadium,"Kansas City, Missouri",USA,"FIFA World Cup, Group E",2026-06-29T16:08:37+00:00
espn,760449,2026-06-21T04:00Z,group-stage,F,Tunisia,Japan,Tunisia,Japan,0.0,4.0,False,True,Full Time,post,FT,90'+7',2.0,True,False,False,Estadio BBVA,Guadalupe,Mexico,"FIFA World Cup, Group F",2026-06-29T16:08:37+00:00
espn,760453,2026-06-21T16:00Z,group-stage,H,Spain,Saudi Arabia,Spain,Saudi Arabia,4.0,0.0,True,False,Full Time,post,FT,90'+8',2.0,True,False,False,Mercedes-Benz Stadium,"Atlanta, Georgia",USA,"FIFA World Cup, Group H",2026-06-29T16:08:37+00:00
espn,760451,2026-06-21T19:00Z,group-stage,G,Belgium,Iran,Belgium,Iran,0.0,0.0,False,False,Full Time,post,FT,90'+5',2.0,True,False,False,SoFi Stadium,"Inglewood, California",USA,"FIFA World Cup, Group G",2026-06-29T16:08:37+00:00
espn,760450,2026-06-21T22:00Z,group-stage,H,Uruguay,Cape Verde,Uruguay,Cape Verde,2.0,2.0,False,False,Full Time,post,FT,90'+8',2.0,True,False,False,Hard Rock Stadium,"Miami Gardens, Florida",USA,"FIFA World Cup, Group H",2026-06-29T16:08:37+00:00
espn,760452,2026-06-22T01:00Z,group-stage,G,New Zealand,Egypt,New Zealand,Egypt,1.0,3.0,False,True,Full Time,post,FT,90'+10',2.0,True,False,False,BC Place,Vancouver,Canada,"FIFA World Cup, Group G",2026-06-29T16:08:37+00:00
espn,760456,2026-06-22T17:00Z,group-stage,J,Argentina,Austria,Argentina,Austria,2.0,0.0,True,False,Full Time,post,FT,90'+8',2.0,True,False,False,AT&T Stadium,"Arlington, Texas",USA,"FIFA World Cup, Group J",2026-06-29T16:08:37+00:00
espn,760457,2026-06-22T21:00Z,group-stage,I,France,Iraq,France,Iraq,3.0,0.0,True,False,Full Time,post,FT,90'+2',2.0,True,False,False,Lincoln Financial Field,"Philadelphia, Pennsylvania",USA,"FIFA World Cup, Group I",2026-06-29T16:08:37+00:00
espn,760454,2026-06-23T00:00Z,group-stage,I,Norway,Senegal,Norway,Senegal,3.0,2.0,True,False,Full Time,post,FT,90'+10',2.0,True,False,False,MetLife Stadium,"East Rutherford, New Jersey",USA,"FIFA World Cup, Group I",2026-06-29T16:08:37+00:00
espn,760455,2026-06-23T03:00Z,group-stage,J,Jordan,Algeria,Jordan,Algeria,1.0,2.0,False,True,Full Time,post,FT,90'+8',2.0,True,False,False,Levi's Stadium,"Santa Clara, California",USA,"FIFA World Cup, Group J",2026-06-29T16:08:37+00:00
espn,760461,2026-06-23T17:00Z,group-stage,K,Portugal,Uzbekistan,Portugal,Uzbekistan,5.0,0.0,True,False,Full Time,post,FT,90'+6',2.0,True,False,False,NRG Stadium,"Houston, Texas",USA,"FIFA World Cup, Group K",2026-06-29T16:08:37+00:00
espn,760458,2026-06-23T20:00Z,group-stage,L,England,Ghana,England,Ghana,0.0,0.0,False,False,Full Time,post,FT,90'+6',2.0,True,False,False,Gillette Stadium,"Foxborough, Massachusetts",USA,"FIFA World Cup, Group L",2026-06-29T16:08:37+00:00
espn,760460,2026-06-23T23:00Z,group-stage,L,Panama,Croatia,Panama,Croatia,0.0,1.0,False,True,Full Time,post,FT,90'+5',2.0,True,False,False,BMO Field,Toronto,Canada,"FIFA World Cup, Group L",2026-06-29T16:08:37+00:00
espn,760459,2026-06-24T02:00Z,group-stage,K,Colombia,DR Congo,Colombia,Congo DR,1.0,0.0,True,False,Full Time,post,FT,90'+7',2.0,True,False,False,Estadio Akron,Guadalajara,Mexico,"FIFA World Cup, Group K",2026-06-29T16:08:37+00:00
espn,760462,2026-06-24T19:00Z,group-stage,B,Bosnia and Herzegovina,Qatar,Bosnia-Herzegovina,Qatar,3.0,1.0,True,False,Full Time,post,FT,90'+6',2.0,True,False,False,Lumen Field,"Seattle, Washington",USA,"FIFA World Cup, Group B",2026-06-29T16:08:37+00:00
espn,760463,2026-06-24T19:00Z,group-stage,B,Switzerland,Canada,Switzerland,Canada,2.0,1.0,True,False,Full Time,post,FT,90'+7',2.0,True,False,False,BC Place,Vancouver,Canada,"FIFA World Cup, Group B",2026-06-29T16:08:37+00:00
espn,760464,2026-06-24T22:00Z,group-stage,C,Morocco,Haiti,Morocco,Haiti,4.0,2.0,True,False,Full Time,post,FT,90'+9',2.0,True,False,False,Mercedes-Benz Stadium,"Atlanta, Georgia",USA,"FIFA World Cup, Group C",2026-06-29T16:08:37+00:00
espn,760465,2026-06-24T22:00Z,group-stage,C,Scotland,Brazil,Scotland,Brazil,0.0,3.0,False,True,Full Time,post,FT,90'+6',2.0,True,False,False,Hard Rock Stadium,"Miami Gardens, Florida",USA,"FIFA World Cup, Group C",2026-06-29T16:08:37+00:00
espn,760467,2026-06-25T01:00Z,group-stage,A,Czechia,Mexico,Czechia,Mexico,0.0,3.0,False,True,Full Time,post,FT,90'+6',2.0,True,False,False,Estadio Banorte,Mexico City,Mexico,"FIFA World Cup, Group A",2026-06-29T16:08:37+00:00
espn,760466,2026-06-25T01:00Z,group-stage,A,South Africa,South Korea,South Africa,South Korea,1.0,0.0,True,False,Full Time,post,FT,90'+6',2.0,True,False,False,Estadio BBVA,Guadalupe,Mexico,"FIFA World Cup, Group A",2026-06-29T16:08:37+00:00
espn,760473,2026-06-25T20:00Z,group-stage,E,Curaçao,Ivory Coast,Curaçao,Ivory Coast,0.0,2.0,False,True,Full Time,post,FT,90'+6',2.0,True,False,False,Lincoln Financial Field,"Philadelphia, Pennsylvania",USA,"FIFA World Cup, Group E",2026-06-29T16:08:37+00:00
espn,760468,2026-06-25T20:00Z,group-stage,E,Ecuador,Germany,Ecuador,Germany,2.0,1.0,True,False,Full Time,post,FT,90'+7',2.0,True,False,False,MetLife Stadium,"East Rutherford, New Jersey",USA,"FIFA World Cup, Group E",2026-06-29T16:08:37+00:00
espn,760471,2026-06-25T23:00Z,group-stage,F,Japan,Sweden,Japan,Sweden,1.0,1.0,False,False,Full Time,post,FT,90'+7',2.0,True,False,False,AT&T Stadium,"Arlington, Texas",USA,"FIFA World Cup, Group F",2026-06-29T16:08:37+00:00
espn,760472,2026-06-25T23:00Z,group-stage,F,Tunisia,Netherlands,Tunisia,Netherlands,1.0,3.0,False,True,Full Time,post,FT,90'+5',2.0,True,False,False,GEHA Field at Arrowhead Stadium,"Kansas City, Missouri",USA,"FIFA World Cup, Group F",2026-06-29T16:08:37+00:00
espn,760469,2026-06-26T02:00Z,group-stage,D,Paraguay,Australia,Paraguay,Australia,0.0,0.0,False,False,Full Time,post,FT,90'+5',2.0,True,False,False,Levi's Stadium,"Santa Clara, California",USA,"FIFA World Cup, Group D",2026-06-29T16:08:37+00:00
espn,760470,2026-06-26T02:00Z,group-stage,D,Turkey,United States,Türkiye,United States,3.0,2.0,True,False,Full Time,post,FT,90'+9',2.0,True,False,False,SoFi Stadium,"Inglewood, California",USA,"FIFA World Cup, Group D",2026-06-29T16:08:37+00:00
espn,760475,2026-06-26T19:00Z,group-stage,I,Norway,France,Norway,France,1.0,4.0,False,True,Full Time,post,FT,90'+5',2.0,True,False,False,Gillette Stadium,"Foxborough, Massachusetts",USA,"FIFA World Cup, Group I",2026-06-29T16:08:37+00:00
espn,760474,2026-06-26T19:00Z,group-stage,I,Senegal,Iraq,Senegal,Iraq,5.0,0.0,True,False,Full Time,post,FT,90'+6',2.0,True,False,False,BMO Field,Toronto,Canada,"FIFA World Cup, Group I",2026-06-29T16:08:37+00:00
espn,760478,2026-06-27T00:00Z,group-stage,H,Cape Verde,Saudi Arabia,Cape Verde,Saudi Arabia,0.0,0.0,False,False,Full Time,post,FT,90'+5',2.0,True,False,False,NRG Stadium,"Houston, Texas",USA,"FIFA World Cup, Group H",2026-06-29T16:08:37+00:00
espn,760479,2026-06-27T00:00Z,group-stage,H,Uruguay,Spain,Uruguay,Spain,0.0,1.0,False,True,Full Time,post,FT,90'+6',2.0,True,False,False,Estadio Akron,Guadalajara,Mexico,"FIFA World Cup, Group H",2026-06-29T16:08:37+00:00
espn,760476,2026-06-27T03:00Z,group-stage,G,Egypt,Iran,Egypt,Iran,1.0,1.0,False,False,Full Time,post,FT,90'+9',2.0,True,False,False,Lumen Field,"Seattle, Washington",USA,"FIFA World Cup, Group G",2026-06-29T16:08:37+00:00
espn,760477,2026-06-27T03:00Z,group-stage,G,New Zealand,Belgium,New Zealand,Belgium,1.0,5.0,False,True,Full Time,post,FT,90'+6',2.0,True,False,False,BC Place,Vancouver,Canada,"FIFA World Cup, Group G",2026-06-29T16:08:37+00:00
espn,760480,2026-06-27T21:00Z,group-stage,L,Croatia,Ghana,Croatia,Ghana,2.0,1.0,True,False,Full Time,post,FT,90'+8',2.0,True,False,False,Lincoln Financial Field,"Philadelphia, Pennsylvania",USA,"FIFA World Cup, Group L",2026-06-29T16:08:37+00:00
espn,760485,2026-06-27T21:00Z,group-stage,L,Panama,England,Panama,England,0.0,2.0,False,True,Full Time,post,FT,90'+6',2.0,True,False,False,MetLife Stadium,"East Rutherford, New Jersey",USA,"FIFA World Cup, Group L",2026-06-29T16:08:37+00:00
espn,760481,2026-06-27T23:30Z,group-stage,K,Colombia,Portugal,Colombia,Portugal,0.0,0.0,False,False,Full Time,post,FT,90'+6',2.0,True,False,False,Hard Rock Stadium,"Miami Gardens, Florida",USA,"FIFA World Cup, Group K",2026-06-29T16:08:37+00:00
espn,760482,2026-06-27T23:30Z,group-stage,K,DR Congo,Uzbekistan,Congo DR,Uzbekistan,3.0,1.0,True,False,Full Time,post,FT,90'+8',2.0,True,False,False,Mercedes-Benz Stadium,"Atlanta, Georgia",USA,"FIFA World Cup, Group K",2026-06-29T16:08:37+00:00
espn,760484,2026-06-28T02:00Z,group-stage,J,Algeria,Austria,Algeria,Austria,3.0,3.0,False,False,Full Time,post,FT,90'+7',2.0,True,False,False,GEHA Field at Arrowhead Stadium,"Kansas City, Missouri",USA,"FIFA World Cup, Group J",2026-06-29T16:08:37+00:00
espn,760483,2026-06-28T02:00Z,group-stage,J,Jordan,Argentina,Jordan,Argentina,1.0,3.0,False,True,Full Time,post,FT,90'+6',2.0,True,False,False,AT&T Stadium,"Arlington, Texas",USA,"FIFA World Cup, Group J",2026-06-29T16:08:37+00:00
espn,760486,2026-06-28T19:00Z,round-of-32,,South Africa,Canada,South Africa,Canada,0.0,1.0,False,True,Full Time,post,FT,90'+6',2.0,True,False,False,SoFi Stadium,"Inglewood, California",USA,"FIFA World Cup, Round of 32",2026-06-29T16:08:37+00:00
espn,760487,2026-06-29T17:00Z,round-of-32,,Brazil,Japan,Brazil,Japan,,,False,False,Scheduled,pre,"Mon, June 29th at 1:00 PM EDT",0',,False,False,True,NRG Stadium,"Houston, Texas",USA,"FIFA World Cup, Round of 32",2026-06-29T16:08:37+00:00
espn,760489,2026-06-29T20:30Z,round-of-32,,Germany,Paraguay,Germany,Paraguay,,,False,False,Scheduled,pre,"Mon, June 29th at 4:30 PM EDT",0',,False,False,True,Gillette Stadium,"Foxborough, Massachusetts",USA,"FIFA World Cup, Round of 32",2026-06-29T16:08:37+00:00
espn,760488,2026-06-30T01:00Z,round-of-32,,Netherlands,Morocco,Netherlands,Morocco,,,False,False,Scheduled,pre,"Mon, June 29th at 9:00 PM EDT",0',,False,False,True,Estadio BBVA,Guadalupe,Mexico,"FIFA World Cup, Round of 32",2026-06-29T16:08:37+00:00
espn,760490,2026-06-30T17:00Z,round-of-32,,Ivory Coast,Norway,Ivory Coast,Norway,,,False,False,Scheduled,pre,"Tue, June 30th at 1:00 PM EDT",0',,False,False,True,AT&T Stadium,"Arlington, Texas",USA,"FIFA World Cup, Round of 32",2026-06-29T16:08:37+00:00
espn,760492,2026-06-30T21:00Z,round-of-32,,France,Sweden,France,Sweden,,,False,False,Scheduled,pre,"Tue, June 30th at 5:00 PM EDT",0',,False,False,True,MetLife Stadium,"East Rutherford, New Jersey",USA,"FIFA World Cup, Round of 32",2026-06-29T16:08:37+00:00
espn,760491,2026-07-01T01:00Z,round-of-32,,Mexico,Ecuador,Mexico,Ecuador,,,False,False,Scheduled,pre,"Tue, June 30th at 9:00 PM EDT",0',,False,False,True,Estadio Banorte,Mexico City,Mexico,"FIFA World Cup, Round of 32",2026-06-29T16:08:37+00:00
espn,760495,2026-07-01T16:00Z,round-of-32,,England,DR Congo,England,Congo DR,,,False,False,Scheduled,pre,"Wed, July 1st at 12:00 PM EDT",0',,False,False,True,Mercedes-Benz Stadium,"Atlanta, Georgia",USA,"FIFA World Cup, Round of 32",2026-06-29T16:08:37+00:00
espn,760493,2026-07-01T20:00Z,round-of-32,,Belgium,Senegal,Belgium,Senegal,,,False,False,Scheduled,pre,"Wed, July 1st at 4:00 PM EDT",0',,False,False,True,Lumen Field,"Seattle, Washington",USA,"FIFA World Cup, Round of 32",2026-06-29T16:08:37+00:00
espn,760494,2026-07-02T00:00Z,round-of-32,,United States,Bosnia and Herzegovina,United States,Bosnia-Herzegovina,,,False,False,Scheduled,pre,"Wed, July 1st at 8:00 PM EDT",0',,False,False,True,Levi's Stadium,"Santa Clara, California",USA,"FIFA World Cup, Round of 32",2026-06-29T16:08:37+00:00
espn,760497,2026-07-02T19:00Z,round-of-32,,Spain,Austria,Spain,Austria,,,False,False,Scheduled,pre,"Thu, July 2nd at 3:00 PM EDT",0',,False,False,True,SoFi Stadium,"Inglewood, California",USA,"FIFA World Cup, Round of 32",2026-06-29T16:08:37+00:00
espn,760496,2026-07-02T23:00Z,round-of-32,,Portugal,Croatia,Portugal,Croatia,,,False,False,Scheduled,pre,"Thu, July 2nd at 7:00 PM EDT",0',,False,False,True,BMO Field,Toronto,Canada,"FIFA World Cup, Round of 32",2026-06-29T16:08:37+00:00
espn,760498,2026-07-03T03:00Z,round-of-32,,Switzerland,Algeria,Switzerland,Algeria,,,False,False,Scheduled,pre,"Thu, July 2nd at 11:00 PM EDT",0',,False,False,True,BC Place,Vancouver,Canada,"FIFA World Cup, Round of 32",2026-06-29T16:08:37+00:00
espn,760499,2026-07-03T18:00Z,round-of-32,,Australia,Egypt,Australia,Egypt,,,False,False,Scheduled,pre,"Fri, July 3rd at 2:00 PM EDT",0',,False,False,True,AT&T Stadium,"Arlington, Texas",USA,"FIFA World Cup, Round of 32",2026-06-29T16:08:37+00:00
espn,760500,2026-07-03T22:00Z,round-of-32,,Argentina,Cape Verde,Argentina,Cape Verde,,,False,False,Scheduled,pre,"Fri, July 3rd at 6:00 PM EDT",0',,False,False,True,Hard Rock Stadium,"Miami Gardens, Florida",USA,"FIFA World Cup, Round of 32",2026-06-29T16:08:37+00:00
espn,760501,2026-07-04T01:30Z,round-of-32,,Colombia,Ghana,Colombia,Ghana,,,False,False,Scheduled,pre,"Fri, July 3rd at 9:30 PM EDT",0',,False,False,True,GEHA Field at Arrowhead Stadium,"Kansas City, Missouri",USA,"FIFA World Cup, Round of 32",2026-06-29T16:08:37+00:00
espn,760502,2026-07-04T17:00Z,round-of-16,,Canada,Round of 32 3 Winner,Canada,Round of 32 3 Winner,,,False,False,Scheduled,pre,"Sat, July 4th at 1:00 PM EDT",0',,False,False,True,NRG Stadium,"Houston, Texas",USA,"FIFA World Cup, Round of 16",2026-06-29T16:08:37+00:00
espn,760503,2026-07-04T21:00Z,round-of-16,,Round of 32 2 Winner,Round of 32 5 Winner,Round of 32 2 Winner,Round of 32 5 Winner,,,False,False,Scheduled,pre,"Sat, July 4th at 5:00 PM EDT",0',,False,False,True,Lincoln Financial Field,"Philadelphia, Pennsylvania",USA,"FIFA World Cup, Round of 16",2026-06-29T16:08:37+00:00
espn,760504,2026-07-05T20:00Z,round-of-16,,Round of 32 4 Winner,Round of 32 6 Winner,Round of 32 4 Winner,Round of 32 6 Winner,,,False,False,Scheduled,pre,"Sun, July 5th at 4:00 PM EDT",0',,False,False,True,MetLife Stadium,"East Rutherford, New Jersey",USA,"FIFA World Cup, Round of 16",2026-06-29T16:08:37+00:00
espn,760505,2026-07-06T00:00Z,round-of-16,,Round of 32 7 Winner,Round of 32 8 Winner,Round of 32 7 Winner,Round of 32 8 Winner,,,False,False,Scheduled,pre,"Sun, July 5th at 8:00 PM EDT",0',,False,False,True,Estadio Banorte,Mexico City,Mexico,"FIFA World Cup, Round of 16",2026-06-29T16:08:37+00:00
espn,760506,2026-07-06T19:00Z,round-of-16,,Round of 32 11 Winner,Round of 32 12 Winner,Round of 32 11 Winner,Round of 32 12 Winner,,,False,False,Scheduled,pre,"Mon, July 6th at 3:00 PM EDT",0',,False,False,True,AT&T Stadium,"Arlington, Texas",USA,"FIFA World Cup, Round of 16",2026-06-29T16:08:37+00:00
espn,760507,2026-07-07T00:00Z,round-of-16,,Round of 32 9 Winner,Round of 32 10 Winner,Round of 32 9 Winner,Round of 32 10 Winner,,,False,False,Scheduled,pre,"Mon, July 6th at 8:00 PM EDT",0',,False,False,True,Lumen Field,"Seattle, Washington",USA,"FIFA World Cup, Round of 16",2026-06-29T16:08:37+00:00
espn,760509,2026-07-07T16:00Z,round-of-16,,Round of 32 14 Winner,Round of 32 16 Winner,Round of 32 14 Winner,Round of 32 16 Winner,,,False,False,Scheduled,pre,"Tue, July 7th at 12:00 PM EDT",0',,False,False,True,Mercedes-Benz Stadium,"Atlanta, Georgia",USA,"FIFA World Cup, Round of 16",2026-06-29T16:08:37+00:00
espn,760508,2026-07-07T20:00Z,round-of-16,,Round of 32 13 Winner,Round of 32 15 Winner,Round of 32 13 Winner,Round of 32 15 Winner,,,False,False,Scheduled,pre,"Tue, July 7th at 4:00 PM EDT",0',,False,False,True,BC Place,Vancouver,Canada,"FIFA World Cup, Round of 16",2026-06-29T16:08:37+00:00
espn,760510,2026-07-09T20:00Z,quarterfinals,,Round of 16 1 Winner,Round of 16 2 Winner,Round of 16 1 Winner,Round of 16 2 Winner,,,False,False,Scheduled,pre,"Thu, July 9th at 4:00 PM EDT",0',,False,False,True,Gillette Stadium,"Foxborough, Massachusetts",USA,"FIFA World Cup, Quarterfinals",2026-06-29T16:08:37+00:00
espn,760511,2026-07-10T19:00Z,quarterfinals,,Round of 16 5 Winner,Round of 16 6 Winner,Round of 16 5 Winner,Round of 16 6 Winner,,,False,False,Scheduled,pre,"Fri, July 10th at 3:00 PM EDT",0',,False,False,True,SoFi Stadium,"Inglewood, California",USA,"FIFA World Cup, Quarterfinals",2026-06-29T16:08:37+00:00
espn,760512,2026-07-11T21:00Z,quarterfinals,,Round of 16 3 Winner,Round of 16 4 Winner,Round of 16 3 Winner,Round of 16 4 Winner,,,False,False,Scheduled,pre,"Sat, July 11th at 5:00 PM EDT",0',,False,False,True,Hard Rock Stadium,"Miami Gardens, Florida",USA,"FIFA World Cup, Quarterfinals",2026-06-29T16:08:37+00:00
espn,760513,2026-07-12T01:00Z,quarterfinals,,Round of 16 7 Winner,Round of 16 8 Winner,Round of 16 7 Winner,Round of 16 8 Winner,,,False,False,Scheduled,pre,"Sat, July 11th at 9:00 PM EDT",0',,False,False,True,GEHA Field at Arrowhead Stadium,"Kansas City, Missouri",USA,"FIFA World Cup, Quarterfinals",2026-06-29T16:08:37+00:00
espn,760514,2026-07-14T19:00Z,semifinals,,Quarterfinal 1 Winner,Quarterfinal 2 Winner,Quarterfinal 1 Winner,Quarterfinal 2 Winner,,,False,False,Scheduled,pre,"Tue, July 14th at 3:00 PM EDT",0',,False,False,True,AT&T Stadium,"Arlington, Texas",USA,"FIFA World Cup, Semifinals",2026-06-29T16:08:37+00:00
espn,760515,2026-07-15T19:00Z,semifinals,,Quarterfinal 3 Winner,Quarterfinal 4 Winner,Quarterfinal 3 Winner,Quarterfinal 4 Winner,,,False,False,Scheduled,pre,"Wed, July 15th at 3:00 PM EDT",0',,False,False,True,Mercedes-Benz Stadium,"Atlanta, Georgia",USA,"FIFA World Cup, Semifinals",2026-06-29T16:08:37+00:00
espn,760516,2026-07-18T21:00Z,3rd-place-match,,Semifinal 1 Loser,Semifinal 2 Loser,Semifinal 1 Loser,Semifinal 2 Loser,,,False,False,Scheduled,pre,"Sat, July 18th at 5:00 PM EDT",0',,False,False,True,Hard Rock Stadium,"Miami Gardens, Florida",USA,"FIFA World Cup, 3rd-Place Match",2026-06-29T16:08:37+00:00
espn,760517,2026-07-19T19:00Z,final,,Semifinal 1 Winner,Semifinal 2 Winner,Semifinal 1 Winner,Semifinal 2 Winner,,,False,False,Scheduled,pre,"Sun, July 19th at 3:00 PM EDT",0',,False,False,True,MetLife Stadium,"East Rutherford, New Jersey",USA,"FIFA World Cup, Final",2026-06-29T16:08:37+00:00
